iteration,train_accuracy,test_accuracy,loss,time,individualize,accountant,seed,dataset_name,batch_size,ratios,budgets,linear_budgets,max_grad_norm,noise_multiplier,weights,optimizer,momentum,learning_rate,epochs,class_budgets,epsilon_0,linear_epsilon_0,epsilon_1,linear_epsilon_1,epsilon_2,linear_epsilon_2,accuracy_0,accuracy_1,accuracy_2,accuracy_3,accuracy_4,accuracy_5,accuracy_6,accuracy_7,accuracy_8,accuracy_9
0,10.136666666666667,10.09,2.3131916522979736,0.9175138473510742,standard,rdp,0,MNIST,512,"[0.34, 0.43, 0.23]","[1.0, 2.0, 3.0]","[2.718281828459045, 7.38905609893065, 20.085536923187668]",0.2,3.42529296875,None,SGD,0.5,0.6,80,,0.05287750669837266,1.0543004924611208,0.05287750669837266,1.0543004924611208,0.05287750669837266,1.0543004924611208,0.0,0.0,0.0,98.61386138613861,0.0,0.0,0.0,0.7782101167315175,0.0,0.49554013875123887
100,70.38833333333334,71.97,1.1979635953903198,13.915042161941528,standard,rdp,0,MNIST,512,"[0.34, 0.43, 0.23]","[1.0, 2.0, 3.0]","[2.718281828459045, 7.38905609893065, 20.085536923187668]",0.2,3.42529296875,None,SGD,0.5,0.6,80,,0.0921335369378498,1.0965112370576102,0.0921335369378498,1.0965112370576102,0.0921335369378498,1.0965112370576102,93.46938775510205,99.11894273127753,68.7015503875969,72.37623762376238,90.63136456211812,2.914798206278027,91.12734864300626,85.70038910505836,60.47227926078029,45.29236868186323
200,79.68833333333333,80.57,0.6216920018196106,27.150386810302734,standard,rdp,0,MNIST,512,"[0.34, 0.43, 0.23]","[1.0, 2.0, 3.0]","[2.718281828459045, 7.38905609893065, 20.085536923187668]",0.2,3.42529296875,None,SGD,0.5,0.6,80,,0.1292666162782325,1.1379934913119312,0.1292666162782325,1.1379934913119312,0.1292666162782325,1.1379934913119312,95.81632653061224,98.41409691629956,86.62790697674419,80.89108910891089,91.75152749490834,23.318385650224215,95.92901878914405,89.6887159533074,71.7659137577002,63.52824578790882
300,86.28833333333333,86.64,0.49278169870376587,38.887617111206055,standard,rdp,0,MNIST,512,"[0.34, 0.43, 0.23]","[1.0, 2.0, 3.0]","[2.718281828459045, 7.38905609893065, 20.085536923187668]",0.2,3.42529296875,None,SGD,0.5,0.6,80,,0.1596162688726889,1.1730606447308127,0.1596162688726889,1.1730606447308127,0.1596162688726889,1.1730606447308127,96.12244897959184,98.14977973568281,88.95348837209302,90.5940594059406,91.95519348268839,59.19282511210762,96.24217118997912,89.00778210116732,73.10061601642711,78.79088206144698
400,88.86166666666666,89.85,0.388513445854187,51.63085317611694,standard,rdp,0,MNIST,512,"[0.34, 0.43, 0.23]","[1.0, 2.0, 3.0]","[2.718281828459045, 7.38905609893065, 20.085536923187668]",0.2,3.42529296875,None,SGD,0.5,0.6,80,,0.1855403378344824,1.2038687602545053,0.1855403378344824,1.2038687602545053,0.1855403378344824,1.2038687602545053,96.22448979591837,98.14977973568281,89.92248062015504,92.17821782178218,91.85336048879837,73.54260089686099,96.65970772442589,88.42412451361868,82.75154004106776,86.22398414271557
500,91.49,91.97,0.23381413519382477,64.73508596420288,standard,rdp,0,MNIST,512,"[0.34, 0.43, 0.23]","[1.0, 2.0, 3.0]","[2.718281828459045, 7.38905609893065, 20.085536923187668]",0.2,3.42529296875,None,SGD,0.5,0.6,80,,0.20860152594982942,1.2319539990118582,0.20860152594982942,1.2319539990118582,0.20860152594982942,1.2319539990118582,96.0204081632653,98.14977973568281,90.79457364341086,91.68316831683168,92.76985743380855,87.4439461883408,97.18162839248434,88.52140077821012,86.96098562628337,89.197224975223
600,92.61666666666666,93.09,0.3637702167034149,77.58595538139343,standard,rdp,0,MNIST,512,"[0.34, 0.43, 0.23]","[1.0, 2.0, 3.0]","[2.718281828459045, 7.38905609893065, 20.085536923187668]",0.2,3.42529296875,None,SGD,0.5,0.6,80,,0.22961135266375288,1.258110953429627,0.22961135266375288,1.258110953429627,0.22961135266375288,1.258110953429627,97.34693877551021,97.97356828193833,90.60077519379846,93.06930693069307,92.87169042769857,91.92825112107623,96.86847599164926,89.88326848249027,89.3223819301848,90.58473736372646
700,93.44833333333334,93.46,0.20767104625701904,90.44679570198059,standard,rdp,0,MNIST,512,"[0.34, 0.43, 0.23]","[1.0, 2.0, 3.0]","[2.718281828459045, 7.38905609893065, 20.085536923187668]",0.2,3.42529296875,None,SGD,0.5,0.6,80,,0.24905680223710844,1.2828148977563418,0.24905680223710844,1.2828148977563418,0.24905680223710844,1.2828148977563418,97.24489795918367,97.97356828193833,90.69767441860465,92.87128712871286,92.9735234215886,93.38565022421524,96.97286012526096,90.07782101167315,91.06776180698152,91.0802775024777
800,92.96333333333334,94.13,0.29801008105278015,103.14650821685791,standard,rdp,0,MNIST,512,"[0.34, 0.43, 0.23]","[1.0, 2.0, 3.0]","[2.718281828459045, 7.38905609893065, 20.085536923187668]",0.2,3.42529296875,None,SGD,0.5,0.6,80,,0.2672571815261537,1.306376379001847,0.2672571815261537,1.306376379001847,0.2672571815261537,1.306376379001847,97.65306122448979,98.14977973568281,91.86046511627907,92.97029702970298,94.5010183299389,93.94618834080717,96.97286012526096,91.05058365758755,91.9917864476386,91.97224975222993
900,93.135,94.58,0.2538706362247467,116.48092341423035,standard,rdp,0,MNIST,512,"[0.34, 0.43, 0.23]","[1.0, 2.0, 3.0]","[2.718281828459045, 7.38905609893065, 20.085536923187668]",0.2,3.42529296875,None,SGD,0.5,0.6,80,,0.2844337930275355,1.3290093207036362,0.2844337930275355,1.3290093207036362,0.2844337930275355,1.3290093207036362,97.44897959183673,98.14977973568281,92.82945736434108,94.45544554455445,95.21384928716904,93.94618834080717,97.28601252609603,92.02334630350195,93.01848049281314,91.17938553022795
1000,93.8,94.58,0.21160323917865753,128.0125434398651,standard,rdp,0,MNIST,512,"[0.34, 0.43, 0.23]","[1.0, 2.0, 3.0]","[2.718281828459045, 7.38905609893065, 20.085536923187668]",0.2,3.42529296875,None,SGD,0.5,0.6,80,,0.30075039341895127,1.35087211288299,0.30075039341895127,1.35087211288299,0.30075039341895127,1.35087211288299,97.85714285714286,98.14977973568281,92.82945736434108,93.96039603960396,94.19551934826885,93.72197309417041,96.97286012526096,91.63424124513618,94.25051334702259,91.97224975222993
1100,95.14333333333333,95.09,0.18286672234535217,140.48344779014587,standard,rdp,0,MNIST,512,"[0.34, 0.43, 0.23]","[1.0, 2.0, 3.0]","[2.718281828459045, 7.38905609893065, 20.085536923187668]",0.2,3.42529296875,None,SGD,0.5,0.6,80,,0.31633147803220624,1.3720849962881982,0.31633147803220624,1.3720849962881982,0.31633147803220624,1.3720849962881982,97.65306122448979,98.23788546255507,93.5077519379845,94.65346534653466,95.21384928716904,94.39461883408072,96.86847599164926,93.67704280155642,94.14784394250513,92.26957383548067
1200,94.75,95.36,0.17959968745708466,153.31338143348694,standard,rdp,0,MNIST,512,"[0.34, 0.43, 0.23]","[1.0, 2.0, 3.0]","[2.718281828459045, 7.38905609893065, 20.085536923187668]",0.2,3.42529296875,None,SGD,0.5,0.6,80,,0.33127164032228007,1.392738064745604,0.33127164032228007,1.392738064745604,0.33127164032228007,1.392738064745604,98.16326530612245,98.32599118942731,93.7984496124031,95.24752475247524,95.31568228105907,93.83408071748879,97.49478079331942,93.48249027237354,94.55852156057495,93.06243805748265
1300,94.69166666666666,95.35,0.23036795854568481,165.56107831001282,standard,rdp,0,MNIST,512,"[0.34, 0.43, 0.23]","[1.0, 2.0, 3.0]","[2.718281828459045, 7.38905609893065, 20.085536923187668]",0.2,3.42529296875,None,SGD,0.5,0.6,80,,0.34564932423010797,1.4129070566625803,0.34564932423010797,1.4129070566625803,0.34564932423010797,1.4129070566625803,97.85714285714286,98.50220264317181,94.67054263565892,93.66336633663366,95.82484725050917,94.28251121076234,97.7035490605428,94.26070038910505,94.14784394250513,92.26957383548067
1400,95.12166666666667,95.64,0.17593400180339813,178.15896892547607,standard,rdp,0,MNIST,512,"[0.34, 0.43, 0.23]","[1.0, 2.0, 3.0]","[2.718281828459045, 7.38905609893065, 20.085536923187668]",0.2,3.42529296875,None,SGD,0.5,0.6,80,,0.3595261672035007,1.4326504169539056,0.3595261672035007,1.4326504169539056,0.3595261672035007,1.4326504169539056,98.16326530612245,98.6784140969163,93.9922480620155,95.44554455445545,96.5376782077393,95.2914798206278,97.07724425887265,94.64980544747081,94.25051334702259,92.07135777998018
1500,95.47833333333334,95.68,0.1289311945438385,191.56598687171936,standard,rdp,0,MNIST,512,"[0.34, 0.43, 0.23]","[1.0, 2.0, 3.0]","[2.718281828459045, 7.38905609893065, 20.085536923187668]",0.2,3.42529296875,None,SGD,0.5,0.6,80,,0.3729556848296437,1.4520199918936894,0.3729556848296437,1.4520199918936894,0.3729556848296437,1.4520199918936894,98.26530612244898,98.59030837004406,94.76744186046511,95.84158415841584,95.010183299389,94.73094170403587,97.18162839248434,94.45525291828794,94.86652977412732,92.76511397423191
1600,94.78833333333333,95.74,0.28894558548927307,203.58117771148682,standard,rdp,0,MNIST,512,"[0.34, 0.43, 0.23]","[1.0, 2.0, 3.0]","[2.718281828459045, 7.38905609893065, 20.085536923187668]",0.2,3.42529296875,None,SGD,0.5,0.6,80,,0.385976896859039,1.4710506845308242,0.385976896859039,1.4710506845308242,0.385976896859039,1.4710506845308242,98.06122448979592,98.41409691629956,94.86434108527132,95.24752475247524,95.51934826883911,95.96412556053812,97.18162839248434,94.64980544747081,95.17453798767967,92.17046580773042
1700,95.87333333333333,95.88,0.14644324779510498,215.55112719535828,standard,rdp,0,MNIST,512,"[0.34, 0.43, 0.23]","[1.0, 2.0, 3.0]","[2.718281828459045, 7.38905609893065, 20.085536923187668]",0.2,3.42529296875,None,SGD,0.5,0.6,80,,0.3986312191007677,1.4897841133651228,0.3986312191007677,1.4897841133651228,0.3986312191007677,1.4897841133651228,98.16326530612245,98.50220264317181,94.57364341085271,95.14851485148515,95.82484725050917,95.73991031390135,96.97286012526096,96.01167315175097,94.76386036960986,92.86422200198216
1800,95.9,95.85,0.1478436142206192,228.1427662372589,standard,rdp,0,MNIST,512,"[0.34, 0.43, 0.23]","[1.0, 2.0, 3.0]","[2.718281828459045, 7.38905609893065, 20.085536923187668]",0.2,3.42529296875,None,SGD,0.5,0.6,80,,0.4109464213445429,1.5082445446783772,0.4109464213445429,1.5082445446783772,0.4109464213445429,1.5082445446783772,98.06122448979592,98.50220264317181,94.18604651162791,95.44554455445545,95.51934826883911,96.18834080717488,96.76409185803757,95.8171206225681,94.96919917864476,92.86422200198216
1900,95.16666666666667,95.92,0.22450585663318634,240.5868616104126,standard,rdp,0,MNIST,512,"[0.34, 0.43, 0.23]","[1.0, 2.0, 3.0]","[2.718281828459045, 7.38905609893065, 20.085536923187668]",0.2,3.42529296875,None,SGD,0.5,0.6,80,,0.42295220450711846,1.5264613362509671,0.42295220450711846,1.5264613362509671,0.42295220450711846,1.5264613362509671,97.75510204081633,98.32599118942731,94.67054263565892,96.03960396039604,95.51934826883911,95.73991031390135,96.76409185803757,95.71984435797665,94.76386036960986,93.65708622398414
2000,95.305,96.01,0.13137851655483246,253.0481767654419,standard,rdp,0,MNIST,512,"[0.34, 0.43, 0.23]","[1.0, 2.0, 3.0]","[2.718281828459045, 7.38905609893065, 20.085536923187668]",0.2,3.42529296875,None,SGD,0.5,0.6,80,,0.4346726415906543,1.544457385074676,0.4346726415906543,1.544457385074676,0.4346726415906543,1.544457385074676,97.75510204081633,98.59030837004406,94.37984496124031,96.03960396039604,94.90835030549898,95.96412556053812,97.18162839248434,95.91439688715953,95.68788501026694,93.45887016848364
2100,96.58333333333333,96.16,0.20710287988185883,265.7158808708191,standard,rdp,0,MNIST,512,"[0.34, 0.43, 0.23]","[1.0, 2.0, 3.0]","[2.718281828459045, 7.38905609893065, 20.085536923187668]",0.2,3.42529296875,None,SGD,0.5,0.6,80,,0.44612473031640015,1.5622463138588298,0.44612473031640015,1.5622463138588298,0.44612473031640015,1.5622463138588298,97.95918367346938,98.76651982378854,95.05813953488372,96.23762376237623,96.13034623217922,95.62780269058295,97.18162839248434,95.62256809338521,95.27720739219713,93.45887016848364
2200,95.48,96.3,0.14929743111133575,278.2198963165283,standard,rdp,0,MNIST,512,"[0.34, 0.43, 0.23]","[1.0, 2.0, 3.0]","[2.718281828459045, 7.38905609893065, 20.085536923187668]",0.2,3.42529296875,None,SGD,0.5,0.6,80,,0.45733087666639943,1.5798515337873098,0.45733087666639943,1.5798515337873098,0.45733087666639943,1.5798515337873098,98.16326530612245,98.50220264317181,95.34883720930233,96.73267326732673,95.92668024439918,95.2914798206278,97.07724425887265,95.8171206225681,95.68788501026694,94.15262636273538
2300,95.97166666666666,96.36,0.11833125352859497,290.2492015361786,standard,rdp,0,MNIST,512,"[0.34, 0.43, 0.23]","[1.0, 2.0, 3.0]","[2.718281828459045, 7.38905609893065, 20.085536923187668]",0.2,3.42529296875,None,SGD,0.5,0.6,80,,0.46830577767961845,1.5972857423495466,0.46830577767961845,1.5972857423495466,0.46830577767961845,1.5972857423495466,98.16326530612245,98.8546255506608,94.96124031007751,96.53465346534654,95.82484725050917,96.63677130044843,97.59916492693111,95.91439688715953,94.96919917864476,93.95441030723488
2400,96.51166666666667,96.18,0.22461554408073425,302.366557598114,standard,rdp,0,MNIST,512,"[0.34, 0.43, 0.23]","[1.0, 2.0, 3.0]","[2.718281828459045, 7.38905609893065, 20.085536923187668]",0.2,3.42529296875,None,SGD,0.5,0.6,80,,0.47906428363391773,1.614562922194524,0.47906428363391773,1.614562922194524,0.47906428363391773,1.614562922194524,98.06122448979592,98.59030837004406,94.47674418604652,95.94059405940594,96.13034623217922,96.97309417040358,96.97286012526096,95.91439688715953,95.37987679671458,93.26065411298315
2500,95.98333333333333,96.2,0.09812144190073013,315.2331440448761,standard,rdp,0,MNIST,512,"[0.34, 0.43, 0.23]","[1.0, 2.0, 3.0]","[2.718281828459045, 7.38905609893065, 20.085536923187668]",0.2,3.42529296875,None,SGD,0.5,0.6,80,,0.48962028915621236,1.6316965294452204,0.48962028915621236,1.6316965294452204,0.48962028915621236,1.6316965294452204,98.36734693877551,98.6784140969163,94.0891472868217,96.43564356435644,96.5376782077393,96.30044843049328,97.07724425887265,96.3035019455253,94.86652977412732,93.1615460852329
2600,96.045,96.32,0.18970265984535217,328.05846905708313,standard,rdp,0,MNIST,512,"[0.34, 0.43, 0.23]","[1.0, 2.0, 3.0]","[2.718281828459045, 7.38905609893065, 20.085536923187668]",0.2,3.42529296875,None,SGD,0.5,0.6,80,,0.49998323717430576,1.6486936337044866,0.49998323717430576,1.6486936337044866,0.49998323717430576,1.6486936337044866,97.75510204081633,98.6784140969163,94.96124031007751,96.73267326732673,96.13034623217922,96.52466367713005,97.49478079331942,96.10894941634241,95.07186858316221,93.55797819623389
2700,95.96833333333333,96.34,0.10157804191112518,340.8702838420868,standard,rdp,0,MNIST,512,"[0.34, 0.43, 0.23]","[1.0, 2.0, 3.0]","[2.718281828459045, 7.38905609893065, 20.085536923187668]",0.2,3.42529296875,None,SGD,0.5,0.6,80,,0.5101659841142882,1.6655676297711715,0.5101659841142882,1.6655676297711715,0.5101659841142882,1.6655676297711715,98.46938775510205,99.03083700440529,94.47674418604652,96.33663366336634,96.13034623217922,96.8609865470852,97.18162839248434,95.91439688715953,95.07186858316221,93.75619425173439
2800,96.10333333333334,96.41,0.11914771050214767,353.9017949104309,standard,rdp,0,MNIST,512,"[0.34, 0.43, 0.23]","[1.0, 2.0, 3.0]","[2.718281828459045, 7.38905609893065, 20.085536923187668]",0.2,3.42529296875,None,SGD,0.5,0.6,80,,0.5201779161039269,1.6823269361281665,0.5201779161039269,1.6823269361281665,0.5201779161039269,1.6823269361281665,98.16326530612245,98.76651982378854,94.67054263565892,97.02970297029702,96.94501018329939,96.0762331838565,97.39039665970772,95.71984435797665,95.89322381930185,93.26065411298315
2900,96.69,96.41,0.13641956448554993,366.5259780883789,standard,rdp,0,MNIST,512,"[0.34, 0.43, 0.23]","[1.0, 2.0, 3.0]","[2.718281828459045, 7.38905609893065, 20.085536923187668]",0.2,3.42529296875,None,SGD,0.5,0.6,80,,0.5300276287025464,1.6989792485623938,0.5300276287025464,1.6989792485623938,0.5300276287025464,1.6989792485623938,98.57142857142857,98.76651982378854,95.15503875968992,96.93069306930693,96.23217922606925,96.18834080717488,97.07724425887265,96.10894941634241,95.37987679671458,93.45887016848364
3000,96.00333333333333,96.47,0.08075061440467834,377.8021078109741,standard,rdp,0,MNIST,512,"[0.34, 0.43, 0.23]","[1.0, 2.0, 3.0]","[2.718281828459045, 7.38905609893065, 20.085536923187668]",0.2,3.42529296875,None,SGD,0.5,0.6,80,,0.5397235699773064,1.7155325719260561,0.5397235699773064,1.7155325719260561,0.5397235699773064,1.7155325719260561,98.16326530612245,98.8546255506608,95.15503875968992,96.63366336633663,95.82484725050917,96.18834080717488,97.28601252609603,96.3035019455253,95.99589322381931,94.05351833498513
3100,96.6,96.58,0.14369861781597137,390.92672753334045,standard,rdp,0,MNIST,512,"[0.34, 0.43, 0.23]","[1.0, 2.0, 3.0]","[2.718281828459045, 7.38905609893065, 20.085536923187668]",0.2,3.42529296875,None,SGD,0.5,0.6,80,,0.5492740087734497,1.7319951480395093,0.5492740087734497,1.7319951480395093,0.5492740087734497,1.7319951480395093,98.57142857142857,98.8546255506608,94.86434108527132,96.83168316831683,96.5376782077393,96.18834080717488,97.49478079331942,96.40077821011673,96.30390143737166,93.55797819623389
3200,95.97833333333334,96.62,0.13517291843891144,403.0724313259125,standard,rdp,0,MNIST,512,"[0.34, 0.43, 0.23]","[1.0, 2.0, 3.0]","[2.718281828459045, 7.38905609893065, 20.085536923187668]",0.2,3.42529296875,None,SGD,0.5,0.6,80,,0.5586823853937581,1.7483673076502204,0.5586823853937581,1.7483673076502204,0.5586823853937581,1.7483673076502204,98.46938775510205,98.8546255506608,95.15503875968992,96.23762376237623,96.63951120162933,96.41255605381166,97.80793319415449,96.69260700389106,96.20123203285421,93.55797819623389
3300,96.22,96.62,0.09844526648521423,416.1273880004883,standard,rdp,0,MNIST,512,"[0.34, 0.43, 0.23]","[1.0, 2.0, 3.0]","[2.718281828459045, 7.38905609893065, 20.085536923187668]",0.2,3.42529296875,None,SGD,0.5,0.6,80,,0.5679602057058115,1.7646638265597347,0.5679602057058115,1.7646638265597347,0.5679602057058115,1.7646638265597347,98.6734693877551,98.76651982378854,95.54263565891473,96.73267326732673,96.63951120162933,96.74887892376681,97.49478079331942,96.20622568093385,95.89322381930185,93.3597621407334
3400,96.19333333333333,96.66,0.18673402070999146,428.5466067790985,standard,rdp,0,MNIST,512,"[0.34, 0.43, 0.23]","[1.0, 2.0, 3.0]","[2.718281828459045, 7.38905609893065, 20.085536923187668]",0.2,3.42529296875,None,SGD,0.5,0.6,80,,0.5771080027302522,1.7808806741884313,0.5771080027302522,1.7808806741884313,0.5771080027302522,1.7808806741884313,98.36734693877551,98.59030837004406,95.34883720930233,96.93069306930693,96.94501018329939,97.08520179372198,97.18162839248434,96.10894941634241,96.09856262833675,93.85530227948463
3500,96.52166666666666,96.71,0.10790349543094635,441.4024832248688,standard,rdp,0,MNIST,512,"[0.34, 0.43, 0.23]","[1.0, 2.0, 3.0]","[2.718281828459045, 7.38905609893065, 20.085536923187668]",0.2,3.42529296875,None,SGD,0.5,0.6,80,,0.5861351346123614,1.7970296989246717,0.5861351346123614,1.7970296989246717,0.5861351346123614,1.7970296989246717,98.87755102040816,98.59030837004406,95.25193798449612,96.93069306930693,96.63951120162933,97.08520179372198,97.7035490605428,96.49805447470817,96.20123203285421,93.26065411298315
3600,95.83666666666667,96.64,0.1383925825357437,454.23100662231445,standard,rdp,0,MNIST,512,"[0.34, 0.43, 0.23]","[1.0, 2.0, 3.0]","[2.718281828459045, 7.38905609893065, 20.085536923187668]",0.2,3.42529296875,None,SGD,0.5,0.6,80,,0.5950458673728571,1.8131141058336815,0.5950458673728571,1.8131141058336815,0.5950458673728571,1.8131141058336815,98.57142857142857,98.76651982378854,95.73643410852713,96.63366336633663,96.5376782077393,96.41255605381166,97.28601252609603,96.40077821011673,95.99589322381931,93.85530227948463
3700,96.19166666666666,96.8,0.1782975047826767,466.59955191612244,standard,rdp,0,MNIST,512,"[0.34, 0.43, 0.23]","[1.0, 2.0, 3.0]","[2.718281828459045, 7.38905609893065, 20.085536923187668]",0.2,3.42529296875,None,SGD,0.5,0.6,80,,0.6038444600155731,1.8291373458765465,0.6038444600155731,1.8291373458765465,0.6038444600155731,1.8291373458765465,98.36734693877551,98.8546255506608,95.83333333333333,96.83168316831683,96.5376782077393,97.08520179372198,97.59916492693111,96.40077821011673,96.61190965092402,93.75619425173439
3800,96.89166666666667,96.66,0.15072399377822876,479.39155316352844,standard,rdp,0,MNIST,512,"[0.34, 0.43, 0.23]","[1.0, 2.0, 3.0]","[2.718281828459045, 7.38905609893065, 20.085536923187668]",0.2,3.42529296875,None,SGD,0.5,0.6,80,,0.6125351163976912,1.8451030256564884,0.6125351163976912,1.8451030256564884,0.6125351163976912,1.8451030256564884,98.46938775510205,98.94273127753304,95.25193798449612,97.32673267326733,96.5376782077393,96.41255605381166,97.49478079331942,96.40077821011673,95.27720739219713,94.25173439048562
3900,97.27,96.83,0.16779673099517822,492.22135853767395,standard,rdp,0,MNIST,512,"[0.34, 0.43, 0.23]","[1.0, 2.0, 3.0]","[2.718281828459045, 7.38905609893065, 20.085536923187668]",0.2,3.42529296875,None,SGD,0.5,0.6,80,,0.6211219865361907,1.8610149045780635,0.6211219865361907,1.8610149045780635,0.6211219865361907,1.8610149045780635,98.06122448979592,98.8546255506608,95.63953488372093,97.42574257425743,97.35234215885947,96.97309417040358,97.80793319415449,96.10894941634241,96.09856262833675,93.85530227948463
4000,95.80666666666667,96.85,0.18954753875732422,505.08929109573364,standard,rdp,0,MNIST,512,"[0.34, 0.43, 0.23]","[1.0, 2.0, 3.0]","[2.718281828459045, 7.38905609893065, 20.085536923187668]",0.2,3.42529296875,None,SGD,0.5,0.6,80,,0.6296091678933169,1.8768768921496983,0.6296091678933169,1.8768768921496983,0.6296091678933169,1.8768768921496983,98.06122448979592,98.76651982378854,95.83333333333333,97.02970297029702,97.04684317718942,97.42152466367713,97.7035490605428,96.40077821011673,95.99589322381931,94.15262636273538
4100,97.075,96.77,0.20223873853683472,517.8110880851746,standard,rdp,0,MNIST,512,"[0.34, 0.43, 0.23]","[1.0, 2.0, 3.0]","[2.718281828459045, 7.38905609893065, 20.085536923187668]",0.2,3.42529296875,None,SGD,0.5,0.6,80,,0.6380007066415405,1.8926930454357795,0.6380007066415405,1.8926930454357795,0.6380007066415405,1.8926930454357795,98.36734693877551,98.8546255506608,95.63953488372093,97.12871287128714,96.02851323828921,96.63677130044843,97.28601252609603,96.49805447470817,96.30390143737166,94.74727452923686
4200,96.15166666666667,96.86,0.08868047595024109,530.8235776424408,standard,rdp,0,MNIST,512,"[0.34, 0.43, 0.23]","[1.0, 2.0, 3.0]","[2.718281828459045, 7.38905609893065, 20.085536923187668]",0.2,3.42529296875,None,SGD,0.5,0.6,80,,0.6463017518252414,1.9084697669697335,0.6463017518252414,1.9084697669697335,0.6463017518252414,1.9084697669697335,98.36734693877551,98.94273127753304,95.34883720930233,97.12871287128714,96.13034623217922,97.08520179372198,97.80793319415449,96.59533073929961,96.09856262833675,94.94549058473736
4300,96.65666666666667,96.94,0.1578761339187622,543.0353555679321,standard,rdp,0,MNIST,512,"[0.34, 0.43, 0.23]","[1.0, 2.0, 3.0]","[2.718281828459045, 7.38905609893065, 20.085536923187668]",0.2,3.42529296875,None,SGD,0.5,0.6,80,,0.6545095187177412,1.924198502535639,0.6545095187177412,1.924198502535639,0.6545095187177412,1.924198502535639,98.06122448979592,98.94273127753304,95.44573643410853,96.93069306930693,96.63951120162933,97.08520179372198,97.80793319415449,96.49805447470817,97.02258726899385,94.84638255698711
4400,96.325,96.94,0.0840354859828949,555.1782097816467,standard,rdp,0,MNIST,512,"[0.34, 0.43, 0.23]","[1.0, 2.0, 3.0]","[2.718281828459045, 7.38905609893065, 20.085536923187668]",0.2,3.42529296875,None,SGD,0.5,0.6,80,,0.6626326155902583,1.9398926094516047,0.6626326155902583,1.9398926094516047,0.6626326155902583,1.9398926094516047,98.26530612244898,98.8546255506608,95.63953488372093,96.93069306930693,96.33401221995926,97.30941704035874,97.91231732776617,96.49805447470817,96.50924024640658,95.04459861248762
4500,96.26166666666667,96.87,0.11492567509412766,567.5014891624451,standard,rdp,0,MNIST,512,"[0.34, 0.43, 0.23]","[1.0, 2.0, 3.0]","[2.718281828459045, 7.38905609893065, 20.085536923187668]",0.2,3.42529296875,None,SGD,0.5,0.6,80,,0.6706730729315034,1.9555531076388268,0.6706730729315034,1.9555531076388268,0.6706730729315034,1.9555531076388268,98.16326530612245,98.6784140969163,95.93023255813954,96.83168316831683,96.13034623217922,97.53363228699551,97.7035490605428,96.3035019455253,96.20123203285421,95.14370664023787
4600,97.02833333333334,96.78,0.09390837699174881,579.7283880710602,standard,rdp,0,MNIST,512,"[0.34, 0.43, 0.23]","[1.0, 2.0, 3.0]","[2.718281828459045, 7.38905609893065, 20.085536923187668]",0.2,3.42529296875,None,SGD,0.5,0.6,80,,0.6786315099778639,1.9711783477106404,0.6786315099778639,1.9711783477106404,0.6786315099778639,1.9711783477106404,98.16326530612245,98.76651982378854,95.54263565891473,96.93069306930693,95.72301425661914,97.53363228699551,97.91231732776617,95.91439688715953,96.20123203285421,95.04459861248762
4700,96.36,96.69,0.10224892944097519,592.2223815917969,standard,rdp,0,MNIST,512,"[0.34, 0.43, 0.23]","[1.0, 2.0, 3.0]","[2.718281828459045, 7.38905609893065, 20.085536923187668]",0.2,3.42529296875,None,SGD,0.5,0.6,80,,0.6865126667117234,1.986774891895502,0.6865126667117234,1.986774891895502,0.6865126667117234,1.986774891895502,98.06122448979592,98.76651982378854,96.02713178294573,96.23762376237623,96.13034623217922,97.42152466367713,98.01670146137788,95.91439688715953,95.99589322381931,94.25173439048562
4800,96.36166666666666,96.79,0.1397593468427658,605.1152200698853,standard,rdp,0,MNIST,512,"[0.34, 0.43, 0.23]","[1.0, 2.0, 3.0]","[2.718281828459045, 7.38905609893065, 20.085536923187668]",0.2,3.42529296875,None,SGD,0.5,0.6,80,,0.6943200280864846,2.0023470711623355,0.6943200280864846,2.0023470711623355,0.6943200280864846,2.0023470711623355,97.95918367346938,98.6784140969163,96.22093023255815,96.33663366336634,96.13034623217922,97.86995515695067,97.59916492693111,95.8171206225681,96.09856262833675,95.14370664023787
4900,96.75166666666667,96.83,0.17551498115062714,616.3235437870026,standard,rdp,0,MNIST,512,"[0.34, 0.43, 0.23]","[1.0, 2.0, 3.0]","[2.718281828459045, 7.38905609893065, 20.085536923187668]",0.2,3.42529296875,None,SGD,0.5,0.6,80,,0.7020491502159073,2.0178834200456452,0.7020491502159073,2.0178834200456452,0.7020491502159073,2.0178834200456452,98.06122448979592,98.8546255506608,96.41472868217055,96.43564356435644,96.33401221995926,97.19730941704036,98.01670146137788,95.52529182879377,96.61190965092402,94.74727452923686
5000,96.66666666666667,96.78,0.1095915362238884,629.4413492679596,standard,rdp,0,MNIST,512,"[0.34, 0.43, 0.23]","[1.0, 2.0, 3.0]","[2.718281828459045, 7.38905609893065, 20.085536923187668]",0.2,3.42529296875,None,SGD,0.5,0.6,80,,0.7097099829064168,2.033401451944691,0.7097099829064168,2.033401451944691,0.7097099829064168,2.033401451944691,98.57142857142857,98.6784140969163,96.02713178294573,95.64356435643565,96.5376782077393,97.30941704035874,97.7035490605428,95.91439688715953,96.40657084188912,94.94549058473736
5100,96.36833333333334,96.73,0.14229647815227509,641.793298959732,standard,rdp,0,MNIST,512,"[0.34, 0.43, 0.23]","[1.0, 2.0, 3.0]","[2.718281828459045, 7.38905609893065, 20.085536923187668]",0.2,3.42529296875,None,SGD,0.5,0.6,80,,0.7173024261928428,2.0488986936664966,0.7173024261928428,2.0488986936664966,0.7173024261928428,2.0488986936664966,98.57142857142857,98.76651982378854,96.02713178294573,96.13861386138613,96.02851323828921,97.30941704035874,97.59916492693111,95.3307392996109,96.40657084188912,95.04459861248762
5200,96.74,96.86,0.1692175567150116,654.2177395820618,standard,rdp,0,MNIST,512,"[0.34, 0.43, 0.23]","[1.0, 2.0, 3.0]","[2.718281828459045, 7.38905609893065, 20.085536923187668]",0.2,3.42529296875,None,SGD,0.5,0.6,80,,0.7248280698163172,2.0643761408841783,0.7248280698163172,2.0643761408841783,0.7248280698163172,2.0643761408841783,98.77551020408163,98.94273127753304,96.51162790697674,96.43564356435644,96.43584521384929,96.97309417040358,97.49478079331942,95.71984435797665,96.40657084188912,94.74727452923686
5300,96.475,96.75,0.10336864739656448,667.0045778751373,standard,rdp,0,MNIST,512,"[0.34, 0.43, 0.23]","[1.0, 2.0, 3.0]","[2.718281828459045, 7.38905609893065, 20.085536923187668]",0.2,3.42529296875,None,SGD,0.5,0.6,80,,0.7322842692305691,2.079826068348646,0.7322842692305691,2.079826068348646,0.7322842692305691,2.079826068348646,98.46938775510205,99.03083700440529,95.25193798449612,95.44554455445545,96.63951120162933,96.97309417040358,97.80793319415449,95.91439688715953,96.81724845995893,95.04459861248762
5400,96.55833333333334,96.81,0.14126670360565186,680.1917262077332,standard,rdp,0,MNIST,512,"[0.34, 0.43, 0.23]","[1.0, 2.0, 3.0]","[2.718281828459045, 7.38905609893065, 20.085536923187668]",0.2,3.42529296875,None,SGD,0.5,0.6,80,,0.739679443323494,2.0952637560457474,0.739679443323494,2.0952637560457474,0.739679443323494,2.0952637560457474,98.36734693877551,99.11894273127753,95.05813953488372,96.03960396039604,96.74134419551935,97.19730941704036,97.59916492693111,95.91439688715953,96.71457905544148,95.24281466798811
5500,96.72833333333334,96.82,0.22815336287021637,692.969569683075,standard,rdp,0,MNIST,512,"[0.34, 0.43, 0.23]","[1.0, 2.0, 3.0]","[2.718281828459045, 7.38905609893065, 20.085536923187668]",0.2,3.42529296875,None,SGD,0.5,0.6,80,,0.7470130219692368,2.110686018653,0.7470130219692368,2.110686018653,0.7470130219692368,2.110686018653,98.46938775510205,99.03083700440529,96.02713178294573,95.44554455445545,96.63951120162933,97.30941704035874,97.59916492693111,95.8171206225681,96.91991786447639,94.84638255698711
5600,96.59,96.86,0.18740874528884888,700.7826147079468,standard,rdp,0,MNIST,512,"[0.34, 0.43, 0.23]","[1.0, 2.0, 3.0]","[2.718281828459045, 7.38905609893065, 20.085536923187668]",0.2,3.42529296875,None,SGD,0.5,0.6,80,,0.7542865363541637,2.126094091261607,0.7542865363541637,2.126094091261607,0.7542865363541637,2.126094091261607,98.57142857142857,98.6784140969163,96.60852713178295,96.53465346534654,96.5376782077393,96.97309417040358,97.59916492693111,95.8171206225681,97.12525667351129,94.05351833498513
5700,97.76833333333333,96.89,0.08483069390058517,707.8003294467926,standard,rdp,0,MNIST,512,"[0.34, 0.43, 0.23]","[1.0, 2.0, 3.0]","[2.718281828459045, 7.38905609893065, 20.085536923187668]",0.2,3.42529296875,None,SGD,0.5,0.6,80,,0.7615015047092535,2.1414892639078307,0.7615015047092535,2.1414892639078307,0.7615015047092535,2.1414892639078307,98.57142857142857,99.03083700440529,95.15503875968992,97.32673267326733,95.82484725050917,97.6457399103139,97.80793319415449,95.71984435797665,97.22792607802874,94.54905847373637
5800,95.57333333333334,96.91,0.17546400427818298,714.7205893993378,standard,rdp,0,MNIST,512,"[0.34, 0.43, 0.23]","[1.0, 2.0, 3.0]","[2.718281828459045, 7.38905609893065, 20.085536923187668]",0.2,3.42529296875,None,SGD,0.5,0.6,80,,0.7686594325124612,2.156872881178342,0.7686594325124612,2.156872881178342,0.7686594325124612,2.156872881178342,98.36734693877551,99.29515418502203,96.22093023255815,96.63366336633663,96.23217922606925,97.30941704035874,97.59916492693111,96.10894941634241,96.81724845995893,94.35084241823587
5900,96.87,97.02,0.13790374994277954,721.9153733253479,standard,rdp,0,MNIST,512,"[0.34, 0.43, 0.23]","[1.0, 2.0, 3.0]","[2.718281828459045, 7.38905609893065, 20.085536923187668]",0.2,3.42529296875,None,SGD,0.5,0.6,80,,0.7757618126891327,2.1722463418297133,0.7757618126891327,2.1722463418297133,0.7757618126891327,2.1722463418297133,98.77551020408163,99.11894273127753,96.12403100775194,96.73267326732673,96.74134419551935,97.53363228699551,97.80793319415449,96.10894941634241,96.81724845995893,94.35084241823587
6000,96.49833333333333,96.89,0.13764947652816772,729.0568299293518,standard,rdp,0,MNIST,512,"[0.34, 0.43, 0.23]","[1.0, 2.0, 3.0]","[2.718281828459045, 7.38905609893065, 20.085536923187668]",0.2,3.42529296875,None,SGD,0.5,0.6,80,,0.7828101258102759,2.187611098422537,0.7828101258102759,2.187611098422537,0.7828101258102759,2.187611098422537,98.36734693877551,99.20704845814979,95.93023255813954,96.23762376237623,96.23217922606925,97.19730941704036,97.49478079331942,96.20622568093385,96.91991786447639,94.94549058473736
6100,96.15166666666667,96.91,0.1657557636499405,735.8939442634583,standard,rdp,0,MNIST,512,"[0.34, 0.43, 0.23]","[1.0, 2.0, 3.0]","[2.718281828459045, 7.38905609893065, 20.085536923187668]",0.2,3.42529296875,None,SGD,0.5,0.6,80,,0.7898084843989718,2.2029744818708146,0.7898084843989718,2.2029744818708146,0.7898084843989718,2.2029744818708146,98.16326530612245,99.20704845814979,97.18992248062015,96.03960396039604,96.5376782077393,97.53363228699551,97.39039665970772,96.40077821011673,96.61190965092402,93.85530227948463
6200,97.00333333333333,96.97,0.11272662878036499,743.1007733345032,standard,rdp,0,MNIST,512,"[0.34, 0.43, 0.23]","[1.0, 2.0, 3.0]","[2.718281828459045, 7.38905609893065, 20.085536923187668]",0.2,3.42529296875,None,SGD,0.5,0.6,80,,0.7967506186446799,2.218321033742208,0.7967506186446799,2.218321033742208,0.7967506186446799,2.218321033742208,98.46938775510205,99.20704845814979,96.51162790697674,96.83168316831683,96.02851323828921,97.30941704035874,97.39039665970772,96.10894941634241,97.43326488706366,94.25173439048562
6300,96.085,96.85,0.22523939609527588,750.3123552799225,standard,rdp,0,MNIST,512,"[0.34, 0.43, 0.23]","[1.0, 2.0, 3.0]","[2.718281828459045, 7.38905609893065, 20.085536923187668]",0.2,3.42529296875,None,SGD,0.5,0.6,80,,0.8036425704271966,2.233662400600317,0.8036425704271966,2.233662400600317,0.8036425704271966,2.233662400600317,98.46938775510205,99.20704845814979,96.51162790697674,96.33663366336634,95.62118126272912,97.19730941704036,97.49478079331942,96.20622568093385,96.91991786447639,94.35084241823587
6400,97.03333333333333,96.94,0.14707700908184052,757.616911649704,standard,rdp,0,MNIST,512,"[0.34, 0.43, 0.23]","[1.0, 2.0, 3.0]","[2.718281828459045, 7.38905609893065, 20.085536923187668]",0.2,3.42529296875,None,SGD,0.5,0.6,80,,0.8104857765485396,2.2490002329320027,0.8104857765485396,2.2490002329320027,0.8104857765485396,2.2490002329320027,98.46938775510205,99.20704845814979,96.80232558139535,96.13861386138613,96.23217922606925,97.08520179372198,97.39039665970772,95.91439688715953,97.3305954825462,94.64816650148661
6500,96.51,96.91,0.23823828995227814,764.7731213569641,standard,rdp,0,MNIST,512,"[0.34, 0.43, 0.23]","[1.0, 2.0, 3.0]","[2.718281828459045, 7.38905609893065, 20.085536923187668]",0.2,3.42529296875,None,SGD,0.5,0.6,80,,0.8172816623435245,2.2643362334989154,0.8172816623435245,2.2643362334989154,0.8172816623435245,2.2643362334989154,98.57142857142857,99.20704845814979,97.18992248062015,96.43564356435644,95.92668024439918,97.42152466367713,98.01670146137788,96.10894941634241,95.89322381930185,94.15262636273538
6600,96.71666666666667,97.01,0.12007300555706024,771.740621805191,standard,rdp,0,MNIST,512,"[0.34, 0.43, 0.23]","[1.0, 2.0, 3.0]","[2.718281828459045, 7.38905609893065, 20.085536923187668]",0.2,3.42529296875,None,SGD,0.5,0.6,80,,0.8240329395514526,2.2796751153631702,0.8240329395514526,2.2796751153631702,0.8240329395514526,2.2796751153631702,98.36734693877551,99.29515418502203,96.99612403100775,96.53465346534654,95.82484725050917,97.6457399103139,97.49478079331942,95.91439688715953,96.91991786447639,94.94549058473736
6700,96.72666666666667,96.92,0.17527569830417633,779.3592448234558,standard,rdp,0,MNIST,512,"[0.34, 0.43, 0.23]","[1.0, 2.0, 3.0]","[2.718281828459045, 7.38905609893065, 20.085536923187668]",0.2,3.42529296875,None,SGD,0.5,0.6,80,,0.830733710490971,2.295001989716434,0.830733710490971,2.295001989716434,0.830733710490971,2.295001989716434,98.46938775510205,99.20704845814979,96.80232558139535,97.42574257425743,95.62118126272912,96.63677130044843,97.7035490605428,96.01167315175097,96.50924024640658,94.54905847373637
6800,97.21166666666667,97.01,0.1273924857378006,788.9086849689484,standard,rdp,0,MNIST,512,"[0.34, 0.43, 0.23]","[1.0, 2.0, 3.0]","[2.718281828459045, 7.38905609893065, 20.085536923187668]",0.2,3.42529296875,None,SGD,0.5,0.6,80,,0.8373909022988449,2.3103312263821616,0.8373909022988449,2.3103312263821616,0.8373909022988449,2.3103312263821616,98.57142857142857,98.8546255506608,97.28682170542636,97.02970297029702,95.92668024439918,97.08520179372198,97.91231732776617,95.91439688715953,96.71457905544148,94.64816650148661
6900,96.55833333333334,96.94,0.23142096400260925,795.841058254242,standard,rdp,0,MNIST,512,"[0.34, 0.43, 0.23]","[1.0, 2.0, 3.0]","[2.718281828459045, 7.38905609893065, 20.085536923187668]",0.2,3.42529296875,None,SGD,0.5,0.6,80,,0.8440076952817361,2.3256688969651997,0.8440076952817361,2.3256688969651997,0.8440076952817361,2.3256688969651997,98.57142857142857,99.20704845814979,97.09302325581395,96.43564356435644,96.63951120162933,96.74887892376681,97.59916492693111,95.8171206225681,97.22792607802874,93.85530227948463
7000,96.65666666666667,96.92,0.17592032253742218,802.9450557231903,standard,rdp,0,MNIST,512,"[0.34, 0.43, 0.23]","[1.0, 2.0, 3.0]","[2.718281828459045, 7.38905609893065, 20.085536923187668]",0.2,3.42529296875,None,SGD,0.5,0.6,80,,0.850575892405399,2.340994624828171,0.850575892405399,2.340994624828171,0.850575892405399,2.340994624828171,98.46938775510205,98.94273127753304,96.70542635658914,96.33663366336634,96.13034623217922,96.8609865470852,97.49478079331942,96.01167315175097,97.22792607802874,94.84638255698711
7100,97.28833333333333,96.93,0.2046656608581543,810.2464017868042,standard,rdp,0,MNIST,512,"[0.34, 0.43, 0.23]","[1.0, 2.0, 3.0]","[2.718281828459045, 7.38905609893065, 20.085536923187668]",0.2,3.42529296875,None,SGD,0.5,0.6,80,,0.8571041741484007,2.356327290825136,0.8571041741484007,2.356327290825136,0.8571041741484007,2.356327290825136,98.06122448979592,99.11894273127753,96.31782945736434,96.53465346534654,96.84317718940937,96.41255605381166,96.97286012526096,96.3035019455253,97.84394250513347,94.64816650148661
7200,96.87166666666667,96.99,0.14204852283000946,817.4317269325256,standard,rdp,0,MNIST,512,"[0.34, 0.43, 0.23]","[1.0, 2.0, 3.0]","[2.718281828459045, 7.38905609893065, 20.085536923187668]",0.2,3.42529296875,None,SGD,0.5,0.6,80,,0.8635927452566223,2.371666197984863,0.8635927452566223,2.371666197984863,0.8635927452566223,2.371666197984863,98.46938775510205,99.11894273127753,96.31782945736434,96.93069306930693,97.45417515274949,96.63677130044843,97.39039665970772,96.3035019455253,96.71457905544148,94.35084241823587
7300,97.015,97.08,0.159723699092865,824.6806528568268,standard,rdp,0,MNIST,512,"[0.34, 0.43, 0.23]","[1.0, 2.0, 3.0]","[2.718281828459045, 7.38905609893065, 20.085536923187668]",0.2,3.42529296875,None,SGD,0.5,0.6,80,,0.8700380264181508,2.38700162092025,0.8700380264181508,2.38700162092025,0.8700380264181508,2.38700162092025,98.6734693877551,99.11894273127753,96.41472868217055,96.93069306930693,96.5376782077393,97.53363228699551,97.28601252609603,96.59533073929961,96.81724845995893,94.74727452923686
7400,96.75666666666666,96.89,0.1344565898180008,834.3967802524567,standard,rdp,0,MNIST,512,"[0.34, 0.43, 0.23]","[1.0, 2.0, 3.0]","[2.718281828459045, 7.38905609893065, 20.085536923187668]",0.2,3.42529296875,None,SGD,0.5,0.6,80,,0.8764475153946174,2.4023502172806275,0.8764475153946174,2.4023502172806275,0.8764475153946174,2.4023502172806275,98.26530612244898,98.94273127753304,96.31782945736434,96.93069306930693,95.82484725050917,96.8609865470852,97.28601252609603,96.59533073929961,97.43326488706366,94.25173439048562
7500,96.22833333333334,96.95,0.18558654189109802,841.2534673213959,standard,rdp,0,MNIST,512,"[0.34, 0.43, 0.23]","[1.0, 2.0, 3.0]","[2.718281828459045, 7.38905609893065, 20.085536923187668]",0.2,3.42529296875,None,SGD,0.5,0.6,80,,0.8828134639555625,2.417692236630585,0.8828134639555625,2.417692236630585,0.8828134639555625,2.417692236630585,98.46938775510205,98.94273127753304,96.70542635658914,96.83168316831683,96.33401221995926,96.63677130044843,97.07724425887265,96.59533073929961,97.22792607802874,94.44995044598612
7600,96.52833333333334,96.95,0.17491266131401062,848.1262137889862,standard,rdp,0,MNIST,512,"[0.34, 0.43, 0.23]","[1.0, 2.0, 3.0]","[2.718281828459045, 7.38905609893065, 20.085536923187668]",0.2,3.42529296875,None,SGD,0.5,0.6,80,,0.8891461806220274,2.4330513777670872,0.8891461806220274,2.4330513777670872,0.8891461806220274,2.4330513777670872,98.26530612244898,99.11894273127753,96.70542635658914,96.93069306930693,97.04684317718942,96.30044843049328,97.28601252609603,96.59533073929961,96.71457905544148,94.25173439048562
7700,96.80666666666667,96.88,0.08241786062717438,855.1802816390991,standard,rdp,0,MNIST,512,"[0.34, 0.43, 0.23]","[1.0, 2.0, 3.0]","[2.718281828459045, 7.38905609893065, 20.085536923187668]",0.2,3.42529296875,None,SGD,0.5,0.6,80,,0.8954364186232248,2.4484040854732982,0.8954364186232248,2.4484040854732982,0.8954364186232248,2.4484040854732982,98.6734693877551,99.11894273127753,96.51162790697674,97.42574257425743,96.63951120162933,96.18834080717488,96.97286012526096,96.69260700389106,96.50924024640658,93.75619425173439
7800,97.00333333333333,96.93,0.09029781818389893,862.2273585796356,standard,rdp,0,MNIST,512,"[0.34, 0.43, 0.23]","[1.0, 2.0, 3.0]","[2.718281828459045, 7.38905609893065, 20.085536923187668]",0.2,3.42529296875,None,SGD,0.5,0.6,80,,0.9016946437626808,2.463774795989423,0.9016946437626808,2.463774795989423,0.9016946437626808,2.463774795989423,98.46938775510205,98.94273127753304,96.70542635658914,96.83168316831683,96.84317718940937,96.97309417040358,97.49478079331942,96.20622568093385,96.20123203285421,94.44995044598612
7900,96.79833333333333,96.9,0.19500504434108734,869.2576236724854,standard,rdp,0,MNIST,512,"[0.34, 0.43, 0.23]","[1.0, 2.0, 3.0]","[2.718281828459045, 7.38905609893065, 20.085536923187668]",0.2,3.42529296875,None,SGD,0.5,0.6,80,,0.9079127484062108,2.4791425350779903,0.9079127484062108,2.4791425350779903,0.9079127484062108,2.4791425350779903,98.06122448979592,98.94273127753304,97.18992248062015,96.83168316831683,96.63951120162933,96.52466367713005,97.18162839248434,95.91439688715953,96.81724845995893,94.64816650148661
8000,96.98666666666666,96.77,0.05634937807917595,876.2851440906525,standard,rdp,0,MNIST,512,"[0.34, 0.43, 0.23]","[1.0, 2.0, 3.0]","[2.718281828459045, 7.38905609893065, 20.085536923187668]",0.2,3.42529296875,None,SGD,0.5,0.6,80,,0.9140987343963466,2.4945260079856335,0.9140987343963466,2.4945260079856335,0.9140987343963466,2.4945260079856335,98.16326530612245,98.94273127753304,96.80232558139535,96.53465346534654,96.84317718940937,96.30044843049328,97.07724425887265,96.20622568093385,96.09856262833675,94.44995044598612
8100,96.895,96.82,0.12276124954223633,883.6410813331604,standard,rdp,0,MNIST,512,"[0.34, 0.43, 0.23]","[1.0, 2.0, 3.0]","[2.718281828459045, 7.38905609893065, 20.085536923187668]",0.2,3.42529296875,None,SGD,0.5,0.6,80,,0.9202482391302776,2.509913371321289,0.9202482391302776,2.509913371321289,0.9202482391302776,2.509913371321289,98.26530612244898,99.03083700440529,96.41472868217055,96.83168316831683,97.04684317718942,95.85201793721973,97.39039665970772,96.20622568093385,96.50924024640658,94.35084241823587
8200,96.20166666666667,96.76,0.17160694301128387,891.1600248813629,standard,rdp,0,MNIST,512,"[0.34, 0.43, 0.23]","[1.0, 2.0, 3.0]","[2.718281828459045, 7.38905609893065, 20.085536923187668]",0.2,3.42529296875,None,SGD,0.5,0.6,80,,0.9263642105677018,2.5253109674440477,0.9263642105677018,2.5253109674440477,0.9263642105677018,2.5253109674440477,98.36734693877551,99.03083700440529,97.48062015503876,96.83168316831683,96.63951120162933,95.85201793721973,97.07724425887265,96.20622568093385,94.86652977412732,94.84638255698711
8300,96.85,96.81,0.17243729531764984,900.9787967205048,standard,rdp,0,MNIST,512,"[0.34, 0.43, 0.23]","[1.0, 2.0, 3.0]","[2.718281828459045, 7.38905609893065, 20.085536923187668]",0.2,3.42529296875,None,SGD,0.5,0.6,80,,0.9324492881308362,2.5407245293505394,0.9324492881308362,2.5407245293505394,0.9324492881308362,2.5407245293505394,98.26530612244898,99.03083700440529,96.80232558139535,97.02970297029702,97.04684317718942,96.0762331838565,97.18162839248434,96.40077821011673,95.17453798767967,94.74727452923686
8400,97.12833333333333,96.84,0.16402654349803925,908.1251406669617,standard,rdp,0,MNIST,512,"[0.34, 0.43, 0.23]","[1.0, 2.0, 3.0]","[2.718281828459045, 7.38905609893065, 20.085536923187668]",0.2,3.42529296875,None,SGD,0.5,0.6,80,,0.9384967604698987,2.556136044048353,0.9384967604698987,2.556136044048353,0.9384967604698987,2.556136044048353,98.57142857142857,98.94273127753304,97.18992248062015,97.22772277227723,96.63951120162933,95.4035874439462,97.07724425887265,96.3035019455253,95.89322381930185,94.74727452923686
8500,96.78666666666666,96.82,0.06077529117465019,915.3420214653015,standard,rdp,0,MNIST,512,"[0.34, 0.43, 0.23]","[1.0, 2.0, 3.0]","[2.718281828459045, 7.38905609893065, 20.085536923187668]",0.2,3.42529296875,None,SGD,0.5,0.6,80,,0.9445148491254647,2.5715654786620346,0.9445148491254647,2.5715654786620346,0.9445148491254647,2.5715654786620346,98.36734693877551,99.20704845814979,96.41472868217055,96.93069306930693,96.63951120162933,96.41255605381166,96.86847599164926,96.20622568093385,95.7905544147844,95.04459861248762
8600,96.845,96.86,0.12107983231544495,922.0630226135254,standard,rdp,0,MNIST,512,"[0.34, 0.43, 0.23]","[1.0, 2.0, 3.0]","[2.718281828459045, 7.38905609893065, 20.085536923187668]",0.2,3.42529296875,None,SGD,0.5,0.6,80,,0.9505031795474059,2.587011062924325,0.9505031795474059,2.587011062924325,0.9505031795474059,2.587011062924325,98.87755102040816,99.38325991189427,96.70542635658914,96.93069306930693,96.94501018329939,95.85201793721973,97.39039665970772,96.3035019455253,95.68788501026694,94.15262636273538
8700,96.13666666666667,97.02,0.09262217581272125,929.3285224437714,standard,rdp,0,MNIST,512,"[0.34, 0.43, 0.23]","[1.0, 2.0, 3.0]","[2.718281828459045, 7.38905609893065, 20.085536923187668]",0.2,3.42529296875,None,SGD,0.5,0.6,80,,0.956455264682709,2.602455089502324,0.956455264682709,2.602455089502324,0.956455264682709,2.602455089502324,98.6734693877551,99.11894273127753,97.09302325581395,97.32673267326733,97.14867617107943,96.41255605381166,97.39039665970772,96.49805447470817,96.20123203285421,94.05351833498513
8800,97.54,97.03,0.12632761895656586,936.291497707367,standard,rdp,0,MNIST,512,"[0.34, 0.43, 0.23]","[1.0, 2.0, 3.0]","[2.718281828459045, 7.38905609893065, 20.085536923187668]",0.2,3.42529296875,None,SGD,0.5,0.6,80,,0.9623795814687947,2.617918618067411,0.9623795814687947,2.617918618067411,0.9623795814687947,2.617918618067411,98.6734693877551,99.38325991189427,96.80232558139535,97.12871287128714,96.74134419551935,96.8609865470852,97.07724425887265,96.01167315175097,96.71457905544148,94.64816650148661
8900,97.04166666666667,96.93,0.16887587308883667,943.4337584972382,standard,rdp,0,MNIST,512,"[0.34, 0.43, 0.23]","[1.0, 2.0, 3.0]","[2.718281828459045, 7.38905609893065, 20.085536923187668]",0.2,3.42529296875,None,SGD,0.5,0.6,80,,0.9682752567823929,2.6333986038830477,0.9682752567823929,2.6333986038830477,0.9682752567823929,2.6333986038830477,98.46938775510205,99.29515418502203,96.99612403100775,96.63366336633663,96.5376782077393,96.52466367713005,97.39039665970772,95.8171206225681,96.30390143737166,95.04459861248762
9000,96.655,96.87,0.1273641288280487,950.3973960876465,standard,rdp,0,MNIST,512,"[0.34, 0.43, 0.23]","[1.0, 2.0, 3.0]","[2.718281828459045, 7.38905609893065, 20.085536923187668]",0.2,3.42529296875,None,SGD,0.5,0.6,80,,0.9741425915819261,2.648895052121454,0.9741425915819261,2.648895052121454,0.9741425915819261,2.648895052121454,98.36734693877551,99.20704845814979,96.12403100775194,96.93069306930693,96.63951120162933,96.63677130044843,97.07724425887265,96.69260700389106,96.20123203285421,94.54905847373637
9100,96.51166666666667,96.92,0.07162383943796158,957.3912394046783,standard,rdp,0,MNIST,512,"[0.34, 0.43, 0.23]","[1.0, 2.0, 3.0]","[2.718281828459045, 7.38905609893065, 20.085536923187668]",0.2,3.42529296875,None,SGD,0.5,0.6,80,,0.9799730790619685,2.664384513233547,0.9799730790619685,2.664384513233547,0.9799730790619685,2.664384513233547,98.46938775510205,98.8546255506608,96.12403100775194,97.12871287128714,96.94501018329939,96.30044843049328,97.07724425887265,96.49805447470817,96.50924024640658,95.04459861248762
9200,96.79,96.99,0.132470965385437,964.4696938991547,standard,rdp,0,MNIST,512,"[0.34, 0.43, 0.23]","[1.0, 2.0, 3.0]","[2.718281828459045, 7.38905609893065, 20.085536923187668]",0.2,3.42529296875,None,SGD,0.5,0.6,80,,0.9857801240860375,2.6799017250314736,0.9857801240860375,2.6799017250314736,0.9857801240860375,2.6799017250314736,99.08163265306122,98.94273127753304,96.41472868217055,97.42574257425743,96.84317718940937,96.41255605381166,96.76409185803757,96.59533073929961,96.30390143737166,94.84638255698711
9300,97.04333333333334,96.89,0.07834361493587494,971.2616527080536,standard,rdp,0,MNIST,512,"[0.34, 0.43, 0.23]","[1.0, 2.0, 3.0]","[2.718281828459045, 7.38905609893065, 20.085536923187668]",0.2,3.42529296875,None,SGD,0.5,0.6,80,,0.9915599220880875,2.695435864517167,0.9915599220880875,2.695435864517167,0.9915599220880875,2.695435864517167,98.26530612244898,99.11894273127753,96.80232558139535,97.02970297029702,95.92668024439918,96.18834080717488,97.18162839248434,96.69260700389106,96.09856262833675,95.24281466798811
9375,96.57333333333334,96.97,0.1980525404214859,977.8534152507782,standard,rdp,0,MNIST,512,"[0.34, 0.43, 0.23]","[1.0, 2.0, 3.0]","[2.718281828459045, 7.38905609893065, 20.085536923187668]",0.2,3.42529296875,None,SGD,0.5,0.6,80,,0.9958172921038084,2.7069357947051715,0.9958172921038084,2.7069357947051715,0.9958172921038084,2.7069357947051715,98.16326530612245,98.94273127753304,96.60852713178295,96.93069306930693,96.02851323828921,96.41255605381166,97.28601252609603,96.40077821011673,97.02258726899385,95.6392467789891
